{
  "timestamp": "2025-05-11T19:11:53.617166",
  "metrics": {
    "accuracy": 0.9062742060418281,
    "f1_macro": 0.8237640185933647,
    "classification_report": "              precision    recall  f1-score   support\n\n         ADJ     0.9082    0.8100    0.8563       879\n         ADP     0.8983    0.9573    0.9269      1006\n         ADV     0.8484    0.7969    0.8218       576\n         AUX     0.9494    0.9762    0.9626       673\n       CCONJ     0.9688    0.9771    0.9729       349\n         DET     0.8873    0.9848    0.9335       919\n        INTJ     0.9375    0.7143    0.8108        42\n        NOUN     0.9521    0.8798    0.9145      1922\n         NUM     0.9151    0.9753    0.9442       243\n        PART     0.9311    0.9161    0.9236       310\n        PRON     0.9793    0.8328    0.9001       909\n       PROPN     0.7701    0.9185    0.8377       981\n       PUNCT     0.9771    0.9654    0.9712      1328\n       SCONJ     0.5844    0.6923    0.6338       195\n         SYM     0.6610    0.6393    0.6500        61\n        VERB     0.9475    0.9404    0.9440      1209\n           X     0.0000    0.0000    0.0000        17\n\n    accuracy                         0.9063     11619\n   macro avg     0.8303    0.8221    0.8238     11619\nweighted avg     0.9129    0.9063    0.9076     11619\n"
  },
  "error_stats": {
    "fixed_by_llm": 126,
    "new_errors_by_llm": 160,
    "common_errors": 10197
  },
  "token_counts": {
    "total_tokens": 11619,
    "fixed_errors": 126,
    "new_errors": 160
  },
  "error_distribution": {
    "lr_errors": [
      3,
      1,
      2,
      1,
      2,
      1,
      1,
      2,
      3,
      3,
      1,
      1,
      1,
      1,
      1,
      1,
      1,
      1,
      1,
      1,
      2,
      1,
      3,
      1,
      1,
      3,
      1,
      1,
      3,
      2,
      1,
      1,
      2,
      1,
      2,
      1,
      1,
      3,
      1,
      2,
      2,
      1,
      1,
      2,
      1,
      3,
      1,
      1,
      1,
      1,
      1,
      1,
      2,
      2,
      3,
      2,
      2,
      1,
      1,
      1,
      1,
      1,
      1,
      1,
      3,
      1,
      1,
      1,
      2,
      3,
      1,
      1,
      1,
      2,
      2,
      2,
      1,
      1,
      1,
      1,
      1,
      1,
      1,
      1,
      2,
      1,
      2,
      2,
      2,
      1,
      1,
      2,
      2,
      1,
      1,
      1,
      1,
      1,
      1,
      1,
      1,
      1,
      1,
      3,
      2,
      2,
      1,
      3,
      3,
      1,
      1,
      1,
      2,
      1,
      1,
      1,
      1,
      2,
      1,
      2,
      1,
      1,
      1,
      3,
      1,
      1,
      1,
      1,
      1,
      2,
      1,
      2,
      2,
      1,
      1,
      2,
      2,
      1,
      1,
      1,
      1,
      1,
      1,
      1,
      2,
      1,
      1,
      2,
      1,
      2,
      2,
      2,
      1,
      1,
      1,
      1,
      2,
      1,
      2,
      1,
      1,
      1,
      1,
      2,
      3,
      1,
      1,
      1,
      1,
      2,
      3,
      3,
      3,
      2,
      2,
      1,
      1,
      1,
      1,
      2,
      1,
      1,
      2,
      1,
      3,
      2,
      2,
      1,
      1,
      1,
      2,
      1,
      3,
      2,
      2,
      1,
      3,
      1,
      1,
      1,
      2,
      1,
      1,
      1,
      1,
      1,
      1,
      2,
      1,
      1,
      2,
      1,
      1,
      1,
      1,
      1,
      1,
      1,
      2,
      1,
      3,
      1,
      3,
      2,
      1,
      3,
      2,
      1,
      1,
      3,
      2,
      1,
      1,
      1,
      1,
      3,
      2,
      1,
      1,
      1,
      1,
      1,
      1,
      2,
      2,
      1,
      1,
      1,
      1,
      2,
      1,
      1,
      1,
      1,
      2,
      2,
      2,
      3,
      3,
      2,
      2,
      2,
      2,
      2,
      2,
      1,
      1,
      1,
      1,
      1,
      1,
      3,
      1,
      1,
      1,
      1,
      2,
      1,
      1,
      1,
      2,
      1,
      1,
      1,
      2,
      1,
      1,
      2,
      1,
      1,
      1,
      1,
      1,
      3,
      1,
      2,
      2,
      2,
      2,
      3,
      2,
      2,
      1,
      2,
      2,
      1,
      1,
      2,
      2,
      3,
      1,
      2,
      1,
      1,
      1,
      1,
      1,
      2,
      1,
      1,
      1,
      1,
      2,
      1,
      1,
      1,
      2,
      2,
      1,
      2,
      1,
      1,
      3,
      1,
      1,
      1,
      2,
      1,
      1,
      1,
      1,
      3,
      2,
      2,
      1,
      3,
      1,
      1,
      3,
      3,
      1,
      2,
      1,
      2,
      1,
      2,
      1,
      3,
      2,
      2,
      3,
      1,
      3,
      3,
      1,
      1,
      1,
      1,
      1,
      1,
      1,
      3,
      1,
      3,
      2,
      1,
      2,
      1,
      1,
      1,
      1,
      1,
      1,
      1,
      2,
      1,
      1,
      2,
      1,
      2,
      1,
      1,
      1,
      3,
      1,
      1,
      2,
      3,
      3,
      1,
      2,
      2,
      1,
      1,
      3,
      1,
      1,
      1,
      1,
      1,
      1,
      1,
      1,
      1,
      2,
      1,
      1,
      1,
      1,
      1,
      1,
      3,
      1,
      2,
      1,
      2,
      1,
      2,
      2,
      1,
      2,
      1,
      1,
      1,
      1,
      1,
      1,
      2,
      3,
      1,
      1,
      1,
      1,
      2,
      1,
      1,
      1,
      1,
      1,
      2,
      1,
      1,
      2,
      1,
      1,
      2,
      1,
      2,
      1,
      1,
      1,
      1,
      1,
      1,
      1,
      2,
      1,
      1,
      1,
      1,
      1,
      3,
      2,
      2,
      1,
      1,
      1,
      1,
      1,
      2,
      2,
      1,
      2,
      3,
      2,
      1,
      1,
      2,
      1,
      1,
      1,
      2,
      2,
      1,
      3,
      1,
      1,
      3,
      2,
      2,
      1,
      2,
      2,
      1,
      1,
      2,
      1,
      1,
      1,
      1,
      1,
      1,
      3,
      1,
      2,
      2,
      3,
      1,
      1,
      1,
      1,
      3,
      1,
      1,
      1,
      1,
      2,
      2,
      1,
      1,
      1,
      2,
      1,
      1,
      1,
      2,
      2,
      1,
      1,
      1,
      1,
      3,
      2,
      1,
      1,
      2,
      3,
      2,
      2,
      2,
      1,
      2,
      1,
      2,
      2,
      2,
      2,
      1,
      2,
      2,
      1,
      1,
      1,
      1,
      2,
      2,
      3,
      2,
      1,
      1,
      2,
      2,
      2,
      2,
      1,
      1,
      1,
      1,
      1,
      1,
      2,
      1,
      1,
      1,
      2,
      2,
      1,
      1,
      1,
      1,
      2,
      1,
      1,
      2,
      1,
      2,
      1,
      2,
      1,
      1,
      1,
      1,
      2,
      3,
      1,
      1,
      1,
      3,
      3,
      1,
      1,
      2,
      2,
      1,
      1,
      3,
      2,
      1,
      1,
      2,
      1,
      1,
      1,
      1,
      1,
      1,
      1,
      1,
      1,
      1,
      1,
      1,
      3,
      1,
      2,
      1,
      2,
      3,
      1,
      1,
      1,
      1,
      2,
      1,
      3,
      1,
      1,
      2,
      1,
      1,
      1,
      2,
      1,
      1,
      1,
      1,
      2,
      1,
      1,
      2,
      1,
      1,
      1,
      1,
      3,
      1,
      1,
      2,
      3,
      2,
      1,
      2,
      1,
      1,
      1,
      2,
      1,
      1,
      1,
      2,
      1,
      1,
      3,
      1,
      1,
      3,
      1,
      1,
      1,
      2,
      1,
      1,
      2,
      2,
      1,
      1,
      1,
      2,
      1,
      2,
      1,
      2,
      1,
      3,
      1,
      1,
      3,
      1,
      2,
      1,
      1,
      1,
      1,
